Title,Price,Rating,Reviews
3rd Grade Math Games Addition & Subtraction Multiplication & Division Facts,6.25,4.86,1362
"3rd Grade Multiplication Centers, Games, Multiplication Strategies Task Cards",3.5,4.87,180
Equal Groups Multiplication Fact Fluency Practice Game 3rd Grade Math 3.OA.1,5.9,4.85,511
"Jenga Math Review Game- 3rd-4th Grade- Multiplication, Division, Rounding, Time",5.5,4.91,915
Halloween Escape Room Math: Two Digit Multiplication Game for 3rd 4th 5th Grade,6,4.79,192
3rd 4th 5th Grade Multiplication Facts Game Bingo Math Center Five in a Row,2.5,4.89,179
3rd Grade Math Multiplication and Division Activity Digital Escape Room Game,4.5,4.93,109
Decomposing Multiplication - Distributive Property Worksheet 3rd Grade and Game,3.5,4.86,159
Multiplication Game Show - Multiplication Math Jeopardy Game 3rd Grade,6.25,4.88,179
Multiplication Times Tables Practice 3rd Grade Multiplication Review Games,6,5,255
"Flip It Math Games 3rd Grade Centers for Multiplication, Division & Fluency",5,4.88,296
Distributive Property of Multiplication Game 3rd Grade Math Activity 3.OA.5,5.9,4.95,305
3rd Grade One Step Multiplication and Division Word Problem Review Game 3.OA.3,5.9,4.82,180
Multiplication Facts Game 3rd 4th Grade Math Games with Playing Cards Spoons,3,4.91,134
Multiplication Fact Fluency Game: 3rd 4th Grade Math Facts Factors Station,3.99,4.86,185
Pop It Multiplication Arrays Math Game for 3rd Grade,3.5,4.89,114
Intro to Multiplication Games Printable 3rd & 4th Grade Multiplication Practice,4.5,4.89,80
3rd Grade Multiplication and Division Math Games for Hands-On Learning,6,4.91,180
